--
-- PostgreSQL database dump
--

SET statement_timeout = 0;
SET lock_timeout = 0;
SET client_encoding = 'UTF8';
SET standard_conforming_strings = on;
SET check_function_bodies = false;
SET client_min_messages = warning;

SET search_path = website_prefs, pg_catalog;

--
-- Data for Name: reporting_object_group_option_defaults; Type: TABLE DATA; Schema: website_prefs; Owner: metadata_admins
--

COPY reporting_object_group_option_defaults (option_type, option_default, created, updated, deleted) FROM stdin;
time_range	3-months	2016-03-08 14:48:43.893623-08	2016-03-08 14:48:43.893623-08	\N
end_time	0	2016-03-08 15:12:24.854444-08	2016-03-08 15:12:24.854444-08	\N
start_time	0	2016-03-08 15:12:15.77611-08	2016-03-08 15:12:29.157864-08	\N
time_basis	create_time	2016-03-08 14:48:54.091713-08	2016-03-08 15:56:10.057522-08	\N
\.


--
-- Data for Name: reporting_object_group_options; Type: TABLE DATA; Schema: website_prefs; Owner: metadata_admins
--

COPY reporting_object_group_options (group_id, option_type, option_value, created, updated, deleted) FROM stdin;
12	time_basis	submit_time	2016-03-14 11:33:31.984183-07	2016-03-14 11:33:38.059619-07	\N
9	time_basis	submit_time	2016-03-15 10:32:34.770128-07	2016-03-22 11:11:40.291526-07	\N
12	time_range	custom	2016-03-10 14:21:37.837862-08	2016-03-22 17:17:13.584261-07	\N
1	time_range	custom	2016-03-08 17:16:08.688132-08	2016-03-22 17:17:13.603923-07	\N
11	time_range	custom	2016-03-09 16:01:04.007821-08	2016-03-22 17:17:13.603538-07	\N
2	time_range	custom	2016-03-08 17:16:08.586869-08	2016-03-22 17:17:13.609873-07	\N
1	time_basis	modified_time	2016-03-09 09:49:50.74964-08	2016-03-14 15:22:00.356572-07	\N
3	time_basis	modified_time	2016-03-14 11:27:57.334971-07	2016-03-14 15:54:14.847129-07	\N
3	start_time	2011-02-05	2016-03-14 15:54:51.054754-07	2016-03-14 15:54:51.054754-07	\N
7	time_basis	submit_time	2016-03-10 14:13:00.649134-08	2016-03-10 14:20:19.105108-08	\N
3	end_time	2016-03-10	2016-03-14 15:54:52.355913-07	2016-03-14 15:54:52.355913-07	\N
3	time_range	custom	2016-03-14 15:53:50.300714-07	2016-03-14 15:54:53.501853-07	\N
5	time_basis	modified_time	2016-03-14 16:09:48.556423-07	2016-03-14 16:09:48.556423-07	\N
5	start_time	2013-07-14	2016-03-14 16:13:26.061452-07	2016-03-14 16:13:26.061452-07	\N
5	end_time	2015-01-01	2016-03-14 16:13:26.103402-07	2016-03-14 16:13:26.103402-07	\N
5	time_range	3-months	2016-03-14 16:13:26.5936-07	2016-03-14 16:20:49.557917-07	\N
11	time_basis	submit_time	2016-03-09 14:45:50.783554-08	2016-03-09 14:45:50.783554-08	\N
8	time_basis	submit_time	2016-03-10 14:10:18.947435-08	2016-03-15 09:55:38.266031-07	\N
13	start_time	2014-09-17	2016-03-15 16:01:16.093696-07	2016-03-17 11:57:08.734976-07	\N
13	end_time	2016-03-17	2016-03-15 16:01:16.107104-07	2016-03-17 11:57:08.74495-07	\N
8	start_time	2015-12-17	2016-03-17 15:29:44.232596-07	2016-03-17 15:29:44.232596-07	\N
8	end_time	2016-03-17	2016-03-17 15:29:44.247042-07	2016-03-17 15:29:44.247042-07	\N
10	time_range	custom	2016-03-10 14:03:26.543042-08	2016-03-10 14:30:55.300239-08	\N
8	time_range	custom	2016-03-10 14:03:26.576165-08	2016-03-10 14:30:55.364088-08	\N
7	time_range	custom	2016-03-10 14:03:27.083661-08	2016-03-10 14:30:55.368235-08	\N
10	time_basis	modified_time	2016-03-15 07:58:12.334409-07	2016-03-17 15:31:46.968126-07	\N
9	time_range	custom	2016-03-10 14:03:26.560517-08	2016-03-11 14:11:38.453218-08	\N
12	start_time	2015-03-14	2016-03-14 11:33:27.657913-07	2016-03-14 11:33:27.657913-07	\N
12	end_time	2015-11-20	2016-03-14 11:33:27.669876-07	2016-03-14 11:33:27.669876-07	\N
13	time_range	custom	2016-03-15 08:16:32.223727-07	2016-03-15 16:01:16.61387-07	\N
2	time_basis	modified_time	2016-03-08 10:00:43.632045-08	2016-03-15 17:05:20.066872-07	\N
10	start_time	2013-03-17	2016-03-15 07:57:26.347627-07	2016-03-17 15:34:04.249747-07	\N
10	end_time	2016-03-17	2016-03-15 07:57:26.369085-07	2016-03-17 15:34:04.264859-07	\N
7	start_time	2015-09-17	2016-03-17 09:59:07.775281-07	2016-03-17 09:59:07.775281-07	\N
7	end_time	2015-11-20	2016-03-17 09:59:07.846355-07	2016-03-17 09:59:07.846355-07	\N
13	time_basis	modified_time	2016-03-15 08:16:39.737057-07	2016-03-18 11:49:53.480007-07	\N
2	start_time	2014-10-24	2016-03-08 10:01:29.661315-08	2016-03-18 17:53:45.337244-07	\N
2	end_time	2015-11-20	2016-03-08 10:01:47.404805-08	2016-03-18 17:53:45.35136-07	\N
1	start_time	2015-09-01	2016-03-14 11:50:15.145473-07	2016-03-18 17:55:08.536079-07	\N
1	end_time	2016-03-10	2016-03-14 11:50:15.157536-07	2016-03-18 17:55:08.551417-07	\N
9	start_time	2016-02-22	2016-03-15 10:32:19.78743-07	2016-03-22 11:11:19.965554-07	\N
9	end_time	2016-03-18	2016-03-15 10:32:19.799423-07	2016-03-22 11:11:20.015294-07	\N
\.


--
-- Data for Name: reporting_object_groups; Type: TABLE DATA; Schema: website_prefs; Owner: metadata_admins
--

COPY reporting_object_groups (group_id, person_id, group_name, group_type, ordering, created, updated, deleted) FROM stdin;
4	0	Tix Microscopes	instrument	0	2016-02-29 15:11:17.146718-08	2016-02-29 15:11:17.146718-08	\N
5	43751	MyEMSL Test Proposals	proposal	0	2016-02-29 15:11:17.146718-08	2016-02-29 15:11:17.146718-08	\N
8	50724	Washton NMRs	instrument	2	2016-02-29 15:11:17.146718-08	2016-02-29 15:12:52.574944-08	\N
9	50724	DMS Instruments (LTQ and Orbitrap)	instrument	1	2016-02-29 15:11:17.146718-08	2016-02-29 15:12:53.177697-08	\N
10	50724	DMS Instruments (FTICR and Exactive)	instrument	0	2016-02-29 15:11:17.146718-08	2016-02-29 15:12:56.535042-08	\N
7	50724	Orr Microscopes	instrument	3	2016-02-29 15:11:17.146718-08	2016-02-29 15:12:59.61198-08	\N
1	43751	My NMRs	instrument	1	2016-02-29 15:11:17.146718-08	2016-02-29 15:18:41.559652-08	\N
2	43751	My Microscopes	instrument	0	2016-02-29 15:11:17.146718-08	2016-03-04 12:48:10.403922-08	\N
11	43751	MyEMSL Instruments	instrument	3	2016-03-09 14:33:43.677641-08	2016-03-09 14:33:43.677641-08	\N
12	43751	Orr Microscopes	instrument	4	2016-03-10 14:21:30.224654-08	2016-03-10 14:21:30.224654-08	\N
13	50724	MyEMSL Users Test	user	0	2016-03-10 14:24:55.278648-08	2016-03-10 14:24:55.278648-08	\N
3	43751	MyEMSL Users	user	0	2016-02-29 15:11:17.146718-08	2016-03-11 13:52:00.727189-08	\N
14	43751	My New Group	instrument	0	2016-03-23 16:53:53.451888-07	2016-03-23 16:53:53.451888-07	\N
\.


--
-- Name: reporting_object_groups_group_id_seq; Type: SEQUENCE SET; Schema: website_prefs; Owner: metadata_admins
--

SELECT pg_catalog.setval('reporting_object_groups_group_id_seq', 14, true);


--
-- Data for Name: reporting_selection_prefs; Type: TABLE DATA; Schema: website_prefs; Owner: metadata_admins
--

COPY reporting_selection_prefs (eus_person_id, item_type, item_id, group_id, created, updated, deleted) FROM stdin;
43751	user	43751	0	2016-02-23 10:02:51.093706-08	2016-02-23 10:02:51.093706-08	\N
43751	user	50724	0	2016-02-23 10:03:03.628115-08	2016-02-23 10:03:03.628115-08	\N
43751	instrument	34075	1	2016-02-22 23:10:51.085178-08	2016-02-23 11:08:51.986301-08	\N
50724	proposal	38892	0	2016-02-23 11:11:17.580445-08	2016-02-23 11:11:17.580445-08	\N
50724	proposal	45796	0	2016-02-23 11:11:24.127852-08	2016-02-23 11:11:24.127852-08	\N
50724	proposal	48846	0	2016-02-23 11:11:34.66155-08	2016-02-23 11:11:34.66155-08	\N
50724	proposal	48922	0	2016-02-23 11:12:19.177709-08	2016-02-23 11:12:19.177709-08	\N
50724	instrument	34075	0	2016-02-23 11:12:51.967415-08	2016-02-23 11:12:51.967415-08	\N
50724	instrument	34176	0	2016-02-23 11:12:59.362974-08	2016-02-23 11:12:59.362974-08	\N
50724	user	43751	0	2016-02-23 11:13:10.052305-08	2016-02-23 11:13:10.052305-08	\N
50724	user	42414	0	2016-02-23 11:13:19.599183-08	2016-02-23 11:13:19.599183-08	\N
50724	user	41853	0	2016-02-23 11:13:28.85208-08	2016-02-23 11:13:28.85208-08	\N
50724	user	50724	0	2016-02-23 11:13:39.336132-08	2016-02-23 11:13:39.336132-08	\N
50724	user	37612	0	2016-02-23 11:13:45.231739-08	2016-02-23 11:13:45.231739-08	\N
43751	instrument	34176	1	2016-02-23 11:14:02.494655-08	2016-02-23 11:14:02.494655-08	\N
43751	instrument	34105	2	2016-02-23 11:14:47.524836-08	2016-02-23 11:15:10.968431-08	\N
43751	instrument	34178	2	2016-02-23 11:14:54.646232-08	2016-02-23 11:15:12.622239-08	\N
0	instrument	34105	4	2016-02-23 11:16:10.38457-08	2016-02-23 11:16:10.38457-08	\N
0	instrument	34180	4	2016-02-23 11:16:25.0121-08	2016-02-23 11:16:25.0121-08	\N
0	instrument	34178	4	2016-02-23 11:16:33.238512-08	2016-02-23 11:16:33.238512-08	\N
43751	instrument	34180	2	2016-02-23 16:03:15.710013-08	2016-02-23 16:03:54.276625-08	\N
43751	proposal	45796	5	2016-02-23 11:10:36.438814-08	2016-02-23 17:11:15.995787-08	\N
43751	proposal	38892	5	2016-02-23 11:10:56.831421-08	2016-02-23 17:11:17.915046-08	\N
43751	proposal	49164	5	2016-02-23 11:11:09.179577-08	2016-02-23 17:11:19.268014-08	\N
43751	instrument	34180	1	2016-02-24 15:25:53.397098-08	2016-02-24 15:25:53.397098-08	\N
50724	instrument	34105	7	2016-02-29 10:17:00.454264-08	2016-02-29 10:17:00.454264-08	\N
50724	instrument	34180	7	2016-02-29 10:17:11.865945-08	2016-02-29 10:17:11.865945-08	\N
50724	instrument	34181	7	2016-02-29 10:18:41.017654-08	2016-02-29 10:18:41.017654-08	\N
50724	instrument	34222	8	2016-02-29 10:19:15.60869-08	2016-02-29 10:19:15.60869-08	\N
50724	instrument	34135	8	2016-02-29 10:19:29.970137-08	2016-02-29 10:19:29.970137-08	\N
50724	instrument	1145	8	2016-02-29 10:19:38.919142-08	2016-02-29 10:19:38.919142-08	\N
50724	instrument	34075	8	2016-02-29 10:20:33.179253-08	2016-02-29 10:20:33.179253-08	\N
50724	instrument	34176	8	2016-02-29 10:20:50.385931-08	2016-02-29 10:20:50.385931-08	\N
50724	instrument	34113	10	2016-03-10 14:07:52.852294-08	2016-03-10 14:07:52.852294-08	\N
50724	instrument	34112	10	2016-03-10 14:07:54.031905-08	2016-03-10 14:07:54.031905-08	\N
50724	instrument	34231	10	2016-03-10 14:07:55.281186-08	2016-03-10 14:07:55.281186-08	\N
50724	instrument	34228	10	2016-03-10 14:07:56.257588-08	2016-03-10 14:07:56.257588-08	\N
50724	instrument	34232	10	2016-03-10 14:07:57.114265-08	2016-03-10 14:07:57.114265-08	\N
43751	instrument	34105	12	2016-03-10 14:21:50.8092-08	2016-03-10 14:21:50.8092-08	\N
43751	instrument	34180	12	2016-03-10 14:21:57.369594-08	2016-03-10 14:21:57.369594-08	\N
43751	instrument	34181	12	2016-03-10 14:22:01.949964-08	2016-03-10 14:22:01.949964-08	\N
50724	instrument	34075	10	2016-03-10 14:27:36.881307-08	2016-03-10 14:27:36.881307-08	\N
43751	user	43751	3	2016-02-23 11:30:41.9089-08	2016-03-11 13:52:27.331779-08	\N
43751	user	50724	3	2016-02-23 11:30:55.533529-08	2016-03-11 13:52:31.01194-08	\N
50724	instrument	34075	9	2016-03-15 10:28:37.103016-07	2016-03-15 10:28:37.103016-07	\N
43751	instrument	34075	11	2016-03-16 12:36:32.895096-07	2016-03-16 12:36:32.895096-07	\N
43751	user	41853	3	2016-03-18 11:46:03.082049-07	2016-03-18 11:46:03.082049-07	\N
50724	user	37612	13	2016-03-18 11:49:12.537262-07	2016-03-18 11:49:12.537262-07	\N
\.


--
-- PostgreSQL database dump complete
--

